Fecha,Año,Trimestre,Mes,Sucursal,Ciudad,Categoría,Producto,Vendedor,Cantidad,Precio_Unitario,Total_Venta
2024-01-05,2024,T1,Enero,Sucursal Norte,Bogotá,Portátiles,Laptop HP,Carlos Méndez,2,2500000,5000000
2024-01-10,2024,T1,Enero,Sucursal Sur,Medellín,Celulares,iPhone 14,Ana Torres,1,4200000,4200000
2024-01-15,2024,T1,Enero,Sucursal Centro,Cali,Tablets,iPad Air,Luis Gómez,3,2800000,8400000
2024-01-20,2024,T1,Enero,Sucursal Norte,Bogotá,Celulares,Samsung S23,Carlos Méndez,2,3500000,7000000
2024-01-25,2024,T1,Enero,Sucursal Sur,Medellín,Portátiles,MacBook Pro,Ana Torres,1,8500000,8500000
2024-02-03,2024,T1,Febrero,Sucursal Centro,Cali,Celulares,iPhone 14,Luis Gómez,2,4200000,8400000
2024-02-08,2024,T1,Febrero,Sucursal Norte,Bogotá,Tablets,Samsung Tab,Carlos Méndez,4,1800000,7200000
2024-02-12,2024,T1,Febrero,Sucursal Sur,Medellín,Portátiles,Laptop Dell,Ana Torres,3,3200000,9600000
2024-02-18,2024,T1,Febrero,Sucursal Centro,Cali,Accesorios,AirPods Pro,Luis Gómez,5,900000,4500000
2024-02-25,2024,T1,Febrero,Sucursal Norte,Bogotá,Celulares,iPhone 14,María Ruiz,1,4200000,4200000
2024-03-05,2024,T1,Marzo,Sucursal Sur,Medellín,Portátiles,Laptop HP,Ana Torres,2,2500000,5000000
2024-03-10,2024,T1,Marzo,Sucursal Centro,Cali,Tablets,iPad Pro,Luis Gómez,1,4500000,4500000
2024-03-15,2024,T1,Marzo,Sucursal Norte,Bogotá,Celulares,Samsung S23,Carlos Méndez,3,3500000,10500000
2024-03-22,2024,T1,Marzo,Sucursal Sur,Medellín,Accesorios,Apple Watch,Ana Torres,2,2200000,4400000
2024-03-28,2024,T1,Marzo,Sucursal Centro,Cali,Portátiles,MacBook Air,Luis Gómez,1,6500000,6500000
2024-04-04,2024,T2,Abril,Sucursal Norte,Bogotá,Celulares,iPhone 14,Carlos Méndez,2,4200000,8400000
2024-04-10,2024,T2,Abril,Sucursal Sur,Medellín,Tablets,Samsung Tab,Ana Torres,3,1800000,5400000
2024-04-15,2024,T2,Abril,Sucursal Centro,Cali,Portátiles,Laptop Dell,Luis Gómez,2,3200000,6400000
2024-04-22,2024,T2,Abril,Sucursal Norte,Bogotá,Accesorios,AirPods Pro,María Ruiz,4,900000,3600000
2024-04-28,2024,T2,Abril,Sucursal Sur,Medellín,Celulares,Samsung S23,Ana Torres,1,3500000,3500000
2024-05-05,2024,T2,Mayo,Sucursal Centro,Cali,Portátiles,MacBook Pro,Luis Gómez,1,8500000,8500000
2024-05-12,2024,T2,Mayo,Sucursal Norte,Bogotá,Tablets,iPad Air,Carlos Méndez,2,2800000,5600000
2024-05-18,2024,T2,Mayo,Sucursal Sur,Medellín,Celulares,iPhone 14,Ana Torres,3,4200000,12600000
2024-05-25,2024,T2,Mayo,Sucursal Centro,Cali,Accesorios,Apple Watch,Luis Gómez,2,2200000,4400000
2024-05-30,2024,T2,Mayo,Sucursal Norte,Bogotá,Portátiles,Laptop HP,María Ruiz,2,2500000,5000000
2024-06-06,2024,T2,Junio,Sucursal Sur,Medellín,Tablets,iPad Pro,Ana Torres,1,4500000,4500000
2024-06-12,2024,T2,Junio,Sucursal Centro,Cali,Celulares,Samsung S23,Luis Gómez,2,3500000,7000000
2024-06-18,2024,T2,Junio,Sucursal Norte,Bogotá,Portátiles,MacBook Air,Carlos Méndez,1,6500000,6500000
2024-06-25,2024,T2,Junio,Sucursal Sur,Medellín,Accesorios,AirPods Pro,Ana Torres,6,900000,5400000
2024-06-28,2024,T2,Junio,Sucursal Centro,Cali,Tablets,Samsung Tab,Luis Gómez,3,1800000,5400000
2024-07-03,2024,T3,Julio,Sucursal Norte,Bogotá,Celulares,iPhone 14,María Ruiz,2,4200000,8400000
2024-07-10,2024,T3,Julio,Sucursal Sur,Medellín,Portátiles,Laptop Dell,Ana Torres,2,3200000,6400000
2024-07-15,2024,T3,Julio,Sucursal Centro,Cali,Tablets,iPad Air,Luis Gómez,3,2800000,8400000
2024-07-22,2024,T3,Julio,Sucursal Norte,Bogotá,Accesorios,Apple Watch,Carlos Méndez,3,2200000,6600000
2024-07-28,2024,T3,Julio,Sucursal Sur,Medellín,Celulares,Samsung S23,Ana Torres,2,3500000,7000000
2024-08-05,2024,T3,Agosto,Sucursal Centro,Cali,Portátiles,MacBook Pro,Luis Gómez,1,8500000,8500000
2024-08-12,2024,T3,Agosto,Sucursal Norte,Bogotá,Tablets,iPad Pro,María Ruiz,2,4500000,9000000
2024-08-18,2024,T3,Agosto,Sucursal Sur,Medellín,Celulares,iPhone 14,Ana Torres,3,4200000,12600000
2024-08-25,2024,T3,Agosto,Sucursal Centro,Cali,Accesorios,AirPods Pro,Luis Gómez,5,900000,4500000
2024-08-30,2024,T3,Agosto,Sucursal Norte,Bogotá,Portátiles,Laptop HP,Carlos Méndez,2,2500000,5000000
2024-09-04,2024,T3,Septiembre,Sucursal Sur,Medellín,Tablets,Samsung Tab,Ana Torres,4,1800000,7200000
2024-09-10,2024,T3,Septiembre,Sucursal Centro,Cali,Celulares,Samsung S23,Luis Gómez,2,3500000,7000000
2024-09-15,2024,T3,Septiembre,Sucursal Norte,Bogotá,Portátiles,MacBook Air,María Ruiz,1,6500000,6500000
2024-09-22,2024,T3,Septiembre,Sucursal Sur,Medellín,Accesorios,Apple Watch,Ana Torres,2,2200000,4400000
2024-09-28,2024,T3,Septiembre,Sucursal Centro,Cali,Tablets,iPad Air,Luis Gómez,3,2800000,8400000
2024-10-05,2024,T4,Octubre,Sucursal Norte,Bogotá,Celulares,iPhone 14,Carlos Méndez,4,4200000,16800000
2024-10-12,2024,T4,Octubre,Sucursal Sur,Medellín,Portátiles,Laptop Dell,Ana Torres,3,3200000,9600000
2024-10-18,2024,T4,Octubre,Sucursal Centro,Cali,Tablets,iPad Pro,Luis Gómez,2,4500000,9000000
2024-10-25,2024,T4,Octubre,Sucursal Norte,Bogotá,Accesorios,AirPods Pro,María Ruiz,7,900000,6300000
2024-10-30,2024,T4,Octubre,Sucursal Sur,Medellín,Celulares,Samsung S23,Ana Torres,3,3500000,10500000
2024-11-06,2024,T4,Noviembre,Sucursal Centro,Cali,Portátiles,MacBook Pro,Luis Gómez,2,8500000,17000000
2024-11-12,2024,T4,Noviembre,Sucursal Norte,Bogotá,Tablets,Samsung Tab,Carlos Méndez,5,1800000,9000000
2024-11-18,2024,T4,Noviembre,Sucursal Sur,Medellín,Celulares,iPhone 14,Ana Torres,4,4200000,16800000
2024-11-25,2024,T4,Noviembre,Sucursal Centro,Cali,Accesorios,Apple Watch,Luis Gómez,3,2200000,6600000
2024-11-29,2024,T4,Noviembre,Sucursal Norte,Bogotá,Portátiles,Laptop HP,María Ruiz,3,2500000,7500000
2024-12-05,2024,T4,Diciembre,Sucursal Sur,Medellín,Tablets,iPad Air,Ana Torres,4,2800000,11200000
2024-12-12,2024,T4,Diciembre,Sucursal Centro,Cali,Celulares,Samsung S23,Luis Gómez,5,3500000,17500000
2024-12-18,2024,T4,Diciembre,Sucursal Norte,Bogotá,Portátiles,MacBook Air,Carlos Méndez,2,6500000,13000000
2024-12-24,2024,T4,Diciembre,Sucursal Sur,Medellín,Accesorios,AirPods Pro,Ana Torres,8,900000,7200000
2024-12-28,2024,T4,Diciembre,Sucursal Centro,Cali,Tablets,iPad Pro,Luis Gómez,3,4500000,13500000
2025-01-08,2025,T1,Enero,Sucursal Norte,Bogotá,Celulares,iPhone 15,María Ruiz,3,4800000,14400000
2025-01-15,2025,T1,Enero,Sucursal Sur,Medellín,Portátiles,Laptop Dell,Ana Torres,2,3200000,6400000
2025-01-22,2025,T1,Enero,Sucursal Centro,Cali,Tablets,iPad Air,Luis Gómez,4,2800000,11200000
2025-02-05,2025,T1,Febrero,Sucursal Norte,Bogotá,Accesorios,Apple Watch,Carlos Méndez,2,2200000,4400000
2025-02-12,2025,T1,Febrero,Sucursal Sur,Medellín,Celulares,Samsung S24,Ana Torres,3,3800000,11400000
2025-02-20,2025,T1,Febrero,Sucursal Centro,Cali,Portátiles,MacBook Pro,Luis Gómez,1,8500000,8500000
2025-03-05,2025,T1,Marzo,Sucursal Norte,Bogotá,Tablets,Samsung Tab,María Ruiz,5,1800000,9000000
2025-03-15,2025,T1,Marzo,Sucursal Sur,Medellín,Celulares,iPhone 15,Ana Torres,2,4800000,9600000
